{

    "lblShowHideFilters": "Show/Hide Filters",
    "lblFilterOutSelected": "Filter Out Selected",
    "lblFilterOutUnselected": "Filter Out Unselected",
    "lblFilterOutMarked": "Filter Out Marked",
    "lblFilterOutUnmarked": "Filter Out Unmarked",
    "lblRemoveAllFilter": "Remove All Filter Criteria",
    "lblMarked": "MARKED",
    "lblMoveSelected": "Move Selected",
    "lblMoveSelected": "Move Selected",
    "lblFreezeRow": "Freeze Row",
    "lblToTheTop": "To the Top",
    "lblUp": "Up",
    "lblDown": "Down",
    "lblToTheBottom": "To the Bottom",

    "ttJumptoRow": "Jump to Row",
    "ttJumptoColumn": "Jump to Column",
    "ttToggleRowHeight": "Toggle Row Height",
    "ttExportCSVFile": "Export CSV File",
    "ttSortAscending": "Sort Ascending",
    "ttSortDescending": "Sort Descending",
    "ttBold": "Bold Text",
    "ttItalic": "Italic Text",
    "ttUnderline": "Underlined Text",
    "ttFontColor": "Font Color",
    "ttFillColor": "Fill Color",
    "ttColorbyvalue": "Color by Value",
    "ttUnHideAll": "Unhide All",
    "ttClose": "Close",
    "lblColorByValue": "Color By Value",
    "lblDataFieldcolor": "Data Field:",
    "lblColorSchemeType": "Color Scheme Type:",
    "valByRules": "By Rules",
    "lblMin": "Min",
    "lblMiddle": "Middle",
    "lblMean": "Mean",
    "lblMedian": "Median",
    "lblFixed": "Fixed",
    "lblNone": "none",
    "lblMax": "Max",
    "lblMinMaxRangeValues": "Min/Max Range Values",
    "lblDataScaling": "Data Scaling",
    "lblLinear": "Linear",
    "lblLogarithmic": "Logarithmic",
    "btnAddRule": "Add Rule",
    "btnRemoveRule": "Remove Rule",
    "btnOk": "OK",
    "btnCancel": "Cancel",
    "btnApply": "Apply",
    "btnApplyClose": "Apply & Close",
    "customerProductLogo": "",
    "textSetRowHeight": "Set Row Height",
    "lblRowHeight": "Row Height",
    "lblCollapsedRowHeight": "Collapsed Row Height",
    "textSetColumnWidth": "Column Width",
    "lblColumnWidth": "Column Width",
    "lblCollapsedColumnWidth": "Collapsed Column Width",
    "lblCheckboxUseNewColumn": "Use new column widths for all future instances of this column type",
    "textSort": "Sort",
    "textByDataValue": "By Data Values",
    "textByIdList": "By Id List",
    "textTopNSort": "TopN sort",
    "lblWorkspace": "Worlspace",
    "lblHiddenFields": "Show hidden data fields in sort criteria menus",
    "btnAddSelectedField": "Add Selected Field as a sort criterion",
    "lblSortBy": "Sort By:",
    "lblThenBy": "Then By:",

    "errorMessage": {
        "inputNotProvided": "Please provide the input to process.",
        "blankInput": "Input cannot be blank.",
        "removeFilter": "Are you sure you want to remove the filter for data field "
    },
    "manageColumn": {
        "manageDataFieldTitle": "Manage Data Fields",
        "textInformation": "Information:",
        "manageDataFieldMessage1": "Check all columns that you wish to hide.",
        "manageDataFieldMessage2": "Use the Top, Up, Down, Bottom buttons on the right side to change the display order of selected data columns.",
        "manageDataFieldMessage3": "Data fields in the table are editable.",
        "lblFilterManageData": "Filter: ",        
        "lblHideEmptyColumns": "Hide Empty Columns",
        "gridColumns": {
            "hidden": "Hidden",
            "dataFields": "Data Field"
        },
        "buttons": {
            "btnTextSelectAll": "Select All",
            "btnTextUnSelectAll": "Unselect All",
            "btnTextInvert": "Invert",
            "btnOk": "OK",
            "btnApply": "Apply",
            "btnCancel": "Cancel",
            "btnMoveUp": "Move up",
            "btnMoveDown": "Move down",
            "btnMoveLast": "Move to bottom",
            "btnMoveFirst": "Move to top"
        }
    },
    "columnMenu": {
        "lblFreeze": "Freeze Panes",
        "lblUnFreeze": "Unfreeze Panes",
        "lblFilter": "Filter",
        "lblFilterAdd": "Add Filter for Data Field",
        "lblFilterRemove": "Remove Filter for This Data Field",
        "lblSorting": "Sort",
        "lblAscending": "Ascending",
        "lblDescending": "Descending",
        "lblSort" :"Multi-Level/ID List",
        "lblUnSortAll": "Un-SortAll",
        "lblHideUnHide": "Column Visibility",
        "lblHide": "Hide",
        "lblUnHideAll": "Unhide All",
        "lblPin": "pin",
        "lblUnPin": "Un-Pin",
        "lblUnPinAll": "UnPin All",
        "lblManageColumn": "Manage Columns",
        "lblSetColumnWidth": "Column Width"

    }

}
